{
    "objects": [
        {
            "id": 32,
            "name": "",
            "physics": {
                "enabled": true,
                "mass": 0.0,
                "material": "Default",
                "physicsScale": [
                    1.0,
                    1.0,
                    1.0
                ]
            },
            "render": {
                "texture": ""
            },
            "shape": 0,
            "transform": {
                "position": [
                    0.0,
                    -0.25,
                    0.0
                ],
                "rotation": [
                    0.0,
                    0.0,
                    0.0,
                    1.0
                ],
                "scale": [
                    100.0,
                    0.5,
                    100.0
                ]
            }
        },
        {
            "id": 33,
            "name": "",
            "physics": {
                "enabled": true,
                "mass": 1.0,
                "material": "Metal",
                "physicsScale": [
                    1.0,
                    1.0,
                    1.0
                ]
            },
            "render": {
                "texture": "textures/stone-1024.jpg"
            },
            "shape": 0,
            "transform": {
                "position": [
                    0.2967258095741272,
                    0.4999999403953552,
                    0.010562477633357048
                ],
                "rotation": [
                    -3.69435646518923e-08,
                    0.061482515186071396,
                    -1.3700399392746476e-07,
                    0.9981081485748291
                ],
                "scale": [
                    1.0,
                    1.0,
                    1.0
                ]
            }
        },
        {
            "id": 34,
            "name": "",
            "physics": {
                "enabled": true,
                "mass": 1.0,
                "material": "Wood",
                "physicsScale": [
                    1.0,
                    1.0,
                    1.0
                ]
            },
            "render": {
                "texture": "textures/wood1.jpg"
            },
            "shape": 0,
            "transform": {
                "position": [
                    3.488708257675171,
                    0.49998629093170166,
                    -5.462580680847168
                ],
                "rotation": [
                    -7.8572647908004e-06,
                    0.1009400263428688,
                    1.7290945834247395e-05,
                    0.9948925375938416
                ],
                "scale": [
                    1.0,
                    1.0,
                    1.0
                ]
            }
        },
        {
            "id": 35,
            "name": "",
            "physics": {
                "enabled": true,
                "mass": 1.0,
                "material": "Rubber",
                "physicsScale": [
                    1.0,
                    1.0,
                    1.0
                ]
            },
            "render": {
                "texture": ""
            },
            "shape": 0,
            "transform": {
                "position": [
                    -3.276231288909912,
                    0.4999999403953552,
                    -5.163690090179443
                ],
                "rotation": [
                    -3.894340405707908e-09,
                    0.1065470278263092,
                    5.744715370070708e-09,
                    0.9943076372146606
                ],
                "scale": [
                    1.0,
                    1.0,
                    1.0
                ]
            }
        },
        {
            "id": 36,
            "name": "",
            "physics": {
                "enabled": true,
                "mass": 1.0,
                "material": "Ice",
                "physicsScale": [
                    1.0,
                    1.0,
                    1.0
                ]
            },
            "render": {
                "texture": "textures/texture_06.png"
            },
            "shape": 0,
            "transform": {
                "position": [
                    -6.00072717666626,
                    0.5,
                    -10.000356674194336
                ],
                "rotation": [
                    3.797734748900439e-08,
                    0.0006896525737829506,
                    -3.6758713850559843e-09,
                    0.9999997615814209
                ],
                "scale": [
                    1.0,
                    1.0,
                    1.0
                ]
            }
        },
        {
            "id": 37,
            "name": "",
            "physics": {
                "enabled": true,
                "mass": 1.0,
                "material": "Plastic",
                "physicsScale": [
                    1.0,
                    1.0,
                    1.0
                ]
            },
            "render": {
                "texture": ""
            },
            "shape": 0,
            "transform": {
                "position": [
                    5.22421932220459,
                    0.49998971819877625,
                    -6.993088722229004
                ],
                "rotation": [
                    1.0623457455949392e-05,
                    0.11930432170629501,
                    -3.164173904224299e-06,
                    0.9928577542304993
                ],
                "scale": [
                    1.0,
                    1.0,
                    1.0
                ]
            }
        },
        {
            "id": 38,
            "name": "",
            "physics": {
                "enabled": true,
                "mass": 1.0,
                "material": "Rubber",
                "physicsScale": [
                    1.0,
                    1.0,
                    1.0
                ]
            },
            "render": {
                "texture": ""
            },
            "shape": 1,
            "transform": {
                "position": [
                    1.321636438369751,
                    0.9999998807907104,
                    10.460558891296387
                ],
                "rotation": [
                    0.3835463523864746,
                    -0.5980129837989807,
                    -0.14193393290042877,
                    0.6892948746681213
                ],
                "scale": [
                    1.0,
                    1.0,
                    1.0
                ]
            }
        },
        {
            "id": 39,
            "name": "",
            "physics": {
                "enabled": true,
                "mass": 1.0,
                "material": "Concrete",
                "physicsScale": [
                    1.0,
                    1.0,
                    1.0
                ]
            },
            "render": {
                "texture": "textures\\wood1.jpg"
            },
            "shape": 0,
            "transform": {
                "position": [
                    -1.8685355186462402,
                    0.4999999403953552,
                    -0.40710365772247314
                ],
                "rotation": [
                    0.03343435749411583,
                    0.033434346318244934,
                    0.7063158750534058,
                    0.7063158750534058
                ],
                "scale": [
                    1.0,
                    1.0,
                    1.0
                ]
            }
        },
        {
            "id": 40,
            "name": "",
            "physics": {
                "enabled": true,
                "mass": 1.0,
                "material": "Concrete",