{
    "objects": [
        {
            "id": 33,
            "name": "",
            "physics": {
                "enabled": true,
                "mass": 0.0,
                "material": "Default",
                "physicsScale": [
                    1.0,
                    1.0,
                    1.0
                ]
            },
            "render": {
                "texture": ""
            },
            "shape": 0,
            "transform": {
                "position": [
                    0.0,
                    -0.25,
                    0.0
                ],
                "rotation": [
                    0.0,
                    0.0,
                    0.0,
                    1.0
                ],
                "scale": [
                    100.0,
                    0.5,
                    100.0
                ]
            }
        },
        {
            "id": 34,
            "name": "",
            "physics": {
                "enabled": true,
                "mass": 1.0,
                "material": "Metal",
                "physicsScale": [
                    1.0,
                    1.0,
                    1.0
                ]
            },
            "render": {
                "texture": "textures/stone-1024.jpg"
            },
            "shape": 0,
            "transform": {
                "position": [
                    -0.6298779845237732,
                    0.4999999403953552,
                    0.5913224816322327
                ],
                "rotation": [
                    5.9189635415179964e-09,
                    -0.00352334207855165,
                    1.0032287889316649e-07,
                    0.9999938011169434
                ],
                "scale": [
                    1.0,
                    1.0,
                    1.0
                ]
            }
        },
        {
            "id": 35,
            "name": "",
            "physics": {
                "enabled": true,
                "mass": 1.0,
                "material": "Wood",
                "physicsScale": [
                    1.0,
                    1.0,
                    1.0
                ]
            },
            "render": {
                "texture": "textures/wood1.jpg"
            },
            "shape": 0,
            "transform": {
                "position": [
                    3.9923043251037598,
                    0.49999964237213135,
                    -5.941044807434082
                ],
                "rotation": [
                    3.018243077690386e-08,
                    0.0734650120139122,
                    -5.494480319612194e-07,
                    0.9972978234291077
                ],
                "scale": [
                    1.0,
                    1.0,
                    1.0
                ]
            }
        },
        {
            "id": 36,
            "name": "",
            "physics": {
                "enabled": true,
                "mass": 1.0,
                "material": "Rubber",
                "physicsScale": [
                    1.0,
                    1.0,
                    1.0
                ]
            },
            "render": {
                "texture": ""
            },
            "shape": 0,
            "transform": {
                "position": [
                    -3.0641114711761475,
                    0.49999985098838806,
                    -5.015120506286621
                ],
                "rotation": [
                    1.2896964385333831e-08,
                    0.012491597793996334,
                    2.3840618723625084e-07,
                    0.999921977519989
                ],
                "scale": [
                    1.0,
                    1.0,
                    1.0
                ]
            }
        },
        {
            "id": 37,
            "name": "",
            "physics": {
                "enabled": true,
                "mass": 1.0,
                "material": "Ice",
                "physicsScale": [
                    1.0,
                    1.0,
                    1.0
                ]
            },
            "render": {
                "texture": "textures/texture_06.png"
            },
            "shape": 0,
            "transform": {
                "position": [
                    -6.0,
                    0.4999999403953552,
                    -10.0
                ],
                "rotation": [
                    -4.000038078544321e-09,
                    5.863591533068304e-17,
                    2.430754264537427e-09,
                    1.0
                ],
                "scale": [
                    1.0,
                    1.0,
                    1.0
                ]
            }
        },
        {
            "id": 38,
            "name": "",
            "physics": {
                "enabled": true,
                "mass": 1.0,
                "material": "Plastic",
                "physicsScale": [
                    1.0,
                    1.0,
                    1.0
                ]
            },
            "render": {
                "texture": ""
            },
            "shape": 0,
            "transform": {
                "position": [
                    4.985320091247559,
                    0.4999999403953552,
                    -6.933389186859131
                ],
                "rotation": [
                    -2.3952755334732956e-09,
                    0.11033780127763748,
                    -1.5355816174178472e-07,
                    0.9938941597938538
                ],
                "scale": [
                    1.0,
                    1.0,
                    1.0
                ]
            }
        },
        {
            "id": 39,
            "name": "",
            "physics": {
                "enabled": true,
                "mass": 1.0,
                "material": "Rubber",
                "physicsScale": [
                    1.0,
                    1.0,
                    1.0
                ]
            },
            "render": {
                "texture": ""
            },
            "shape": 1,
            "transform": {
                "position": [
                    1.9999772310256958,
                    0.9999998807907104,
                    2.9998879432678223
                ],
                "rotation": [
                    -1.644696908442711e-06,
                    7.524034173478356e-11,
                    1.3064588529232424e-05,
                    1.0
                ],
                "scale": [
                    1.0,
                    1.0,
                    1.0
                ]
            }
        },
        {
            "id": 40,
            "name": "",
            "physics": {
                "enabled": true,
                "mass": 1.0,
                "material": "Concrete",
                "physicsScale": [
                    1.0,
                    1.0,
                    1.0
                ]
            },
            "render": {
                "texture": "textures\\stone-1024.jpg"
            },
            "shape": 1,
            "transform": {
                "position": [
                    -2.173304557800293,
                    1.9986212253570557,
                    0.09810879826545715
                ],
                "rotation": [
                    0.06441044807434082,
                    -0.14570815861225128,
                    0.5044884085655212,
                    0.848594069480896
                ],
                "scale": [
                    1.0,
                    1.0,
                    1.0
                ]
            }
        },
        {
            "id": 41,
            "name": "",
            "physics": {
                "enabled": true,
                "mass": 1.0,
                "material": "Concrete",