{
    "objects": [
        {
            "id": 1,
            "name": "",
            "physics": {
                "enabled": true,
                "mass": 0.0,
                "material": "Default",
                "physicsScale": [
                    1.0,
                    1.0,
                    1.0
                ]
            },
            "render": {
                "texture": ""
            },
            "shape": 0,
            "transform": {
                "position": [
                    0.0,
                    -0.25,
                    0.0
                ],
                "rotation": [
                    0.0,
                    0.0,
                    0.0,
                    1.0
                ],
                "scale": [
                    100.0,
                    0.5,
                    100.0
                ]
            }
        },
        {
            "id": 3,
            "name": "",
            "physics": {
                "enabled": true,
                "mass": 1.0,
                "material": "Wood",
                "physicsScale": [
                    1.0,
                    1.0,
                    1.0
                ]
            },
            "render": {
                "texture": "textures/wood1.jpg"
            },
            "shape": 0,
            "transform": {
                "position": [
                    3.9923043251037598,
                    0.49999964237213135,
                    -5.940668106079102
                ],
                "rotation": [
                    3.374339740958021e-08,
                    0.07346406579017639,
                    -5.575785166911373e-07,
                    0.9972978830337524
                ],
                "scale": [
                    1.0,
                    1.0,
                    1.0
                ]
            }
        },
        {
            "id": 4,
            "name": "",
            "physics": {
                "enabled": true,
                "mass": 1.0,
                "material": "Rubber",
                "physicsScale": [
                    1.0,
                    1.0,
                    1.0
                ]
            },
            "render": {
                "texture": ""
            },
            "shape": 0,
            "transform": {
                "position": [
                    -3.0641114711761475,
                    0.49999985098838806,
                    -5.015345573425293
                ],
                "rotation": [
                    8.708224363829231e-09,
                    0.012491856701672077,
                    2.431177108519478e-07,
                    0.999921977519989
                ],
                "scale": [
                    1.0,
                    1.0,
                    1.0
                ]
            }
        },
        {
            "id": 5,
            "name": "",
            "physics": {
                "enabled": true,
                "mass": 1.0,
                "material": "Ice",
                "physicsScale": [
                    1.0,
                    1.0,
                    1.0
                ]
            },
            "render": {
                "texture": "textures/texture_06.png"
            },
            "shape": 0,
            "transform": {
                "position": [
                    -6.0,
                    0.4999999403953552,
                    -10.0
                ],
                "rotation": [
                    -3.022145866893311e-09,
                    5.104346602479767e-17,
                    3.734604625549309e-09,
                    1.0
                ],
                "scale": [
                    1.0,
                    1.0,
                    1.0
                ]
            }
        },
        {
            "id": 6,
            "name": "",
            "physics": {
                "enabled": true,
                "mass": 1.0,
                "material": "Plastic",
                "physicsScale": [
                    1.0,
                    1.0,
                    1.0
                ]
            },
            "render": {
                "texture": ""
            },
            "shape": 0,
            "transform": {
                "position": [
                    4.985320091247559,
                    0.4999997615814209,
                    -6.933200836181641
                ],
                "rotation": [
                    1.8467122941956404e-08,
                    0.11033780127763748,
                    -2.1204293432219856e-07,
                    0.9938941597938538
                ],
                "scale": [
                    1.0,
                    1.0,
                    1.0
                ]
            }
        },
        {
            "id": 7,
            "name": "",
            "physics": {
                "enabled": true,
                "mass": 1.0,
                "material": "Rubber",
                "physicsScale": [
                    1.0,
                    1.0,
                    1.0
                ]
            },
            "render": {
                "texture": ""
            },
            "shape": 1,
            "transform": {
                "position": [
                    2.0,
                    1.04642653465271,
                    2.9999563694000244
                ],
                "rotation": [
                    -1.4847495322101167e-07,
                    0.0,
                    0.0,
                    1.0
                ],
                "scale": [
                    1.0,
                    1.0,
                    1.0
                ]
            }
        },
        {
            "id": 9,
            "name": "",
            "physics": {
                "enabled": true,
                "mass": 1.0,
                "material": "Concrete",
                "physicsScale": [
                    1.0,
                    1.0,
                    1.0
                ]
            },
            "render": {
                "texture": "textures\\wood1.jpg"
            },
            "shape": 1,
            "transform": {
                "position": [
                    1.38962721824646,
                    0.9999999403953552,
                    -4.194844586891122e-05
                ],
                "rotation": [
                    -2.3048874936648645e-05,
                    -5.546491479435645e-07,
                    -0.13852348923683167,
                    0.9903591275215149
                ],
                "scale": [
                    1.0,
                    1.0,
                    1.0
                ]
            }
        },
        {
            "id": 10,
            "name": "",
            "physics": {
                "enabled": true,
                "mass": 1.0,
                "material": "Concrete",
                "physicsScale": [
                    1.0,
                    1.0,
                    1.0
                ]
            },
            "render": {
                "texture": "textures\\wood1.jpg"
            },
            "shape": 1,
            "transform": {
                "position": [
                    -1.3897030353546143,
                    0.9999998211860657,
                    -7.315447146538645e-05
                ],
                "rotation": [
                    -3.3525149774504825e-05,
                    8.067682983892155e-07,
                    0.13856135308742523,
                    0.9903538227081299
                ],
                "scale": [
                    1.0,
                    1.0,
                    1.0
                ]
            }
        }
    ]
}