{
    "objects": [
        {
            "id": 1,
            "name": "",
            "physics": {
                "enabled": true,
                "mass": 0.0,
                "material": "Default",
                "physicsScale": [
                    1.0,
                    1.0,
                    1.0
                ]
            },
            "render": {
                "texture": ""
            },
            "shape": 0,
            "transform": {
                "position": [
                    0.0,
                    -0.25,
                    0.0
                ],
                "rotation": [
                    0.0,
                    0.0,
                    0.0,
                    1.0
                ],
                "scale": [
                    100.0,
                    0.5,
                    100.0
                ]
            }
        },
        {
            "id": 2,
            "name": "",
            "physics": {
                "enabled": true,
                "mass": 1.0,
                "material": "Metal",
                "physicsScale": [
                    1.0,
                    1.0,
                    1.0
                ]
            },
            "render": {
                "texture": "textures/stone-1024.jpg"
            },
            "shape": 0,
            "transform": {
                "position": [
                    -0.020231839269399643,
                    0.49998903274536133,
                    0.04547284543514252
                ],
                "rotation": [
                    -1.965195951925125e-05,
                    0.021666163578629494,
                    -5.7003630899998825e-06,
                    0.9997652769088745
                ],
                "scale": [
                    1.0,
                    1.0,
                    1.0
                ]
            }
        },
        {
            "id": 3,
            "name": "",
            "physics": {
                "enabled": true,
                "mass": 1.0,
                "material": "Wood",
                "physicsScale": [
                    1.0,
                    1.0,
                    1.0
                ]
            },
            "render": {
                "texture": "textures/wood1.jpg"
            },
            "shape": 0,
            "transform": {
                "position": [
                    4.0084919929504395,
                    0.49999988079071045,
                    -6.052937030792236
                ],
                "rotation": [
                    4.904729067334301e-09,
                    0.04434498772025108,
                    2.7792415835392603e-07,
                    0.999016284942627
                ],
                "scale": [
                    1.0,
                    1.0,
                    1.0
                ]
            }
        },
        {
            "id": 4,
            "name": "",
            "physics": {
                "enabled": true,
                "mass": 1.0,
                "material": "Rubber",
                "physicsScale": [
                    1.0,
                    1.0,
                    1.0
                ]
            },
            "render": {
                "texture": ""
            },
            "shape": 0,
            "transform": {
                "position": [
                    -3.0641114711761475,
                    0.49999985098838806,
                    -5.014647483825684
                ],
                "rotation": [
                    1.8295040149496344e-08,
                    0.01248935703188181,
                    2.4460160830130917e-07,
                    0.999921977519989
                ],
                "scale": [
                    1.0,
                    1.0,
                    1.0
                ]
            }
        },
        {
            "id": 5,
            "name": "",
            "physics": {
                "enabled": true,
                "mass": 1.0,
                "material": "Ice",
                "physicsScale": [
                    1.0,
                    1.0,
                    1.0
                ]
            },
            "render": {
                "texture": "textures/texture_06.png"
            },
            "shape": 0,
            "transform": {
                "position": [
                    -6.0,
                    0.4999999403953552,
                    -10.0
                ],
                "rotation": [
                    -1.0728856913999607e-08,
                    -1.747683410942043e-17,
                    2.8653723838090173e-09,
                    1.0
                ],
                "scale": [
                    1.0,
                    1.0,
                    1.0
                ]
            }
        },
        {
            "id": 6,
            "name": "",
            "physics": {
                "enabled": true,
                "mass": 1.0,
                "material": "Plastic",
                "physicsScale": [
                    1.0,
                    1.0,
                    1.0
                ]
            },
            "render": {
                "texture": ""
            },
            "shape": 0,
            "transform": {
                "position": [
                    4.985320091247559,
                    0.4999999403953552,
                    -6.9336371421813965
                ],
                "rotation": [
                    -8.27864177210813e-09,
                    0.11033781617879868,
                    -1.5205272063667508e-07,
                    0.9938941597938538
                ],
                "scale": [
                    1.0,
                    1.0,
                    1.0
                ]
            }
        },
        {
            "id": 7,
            "name": "",
            "physics": {
                "enabled": true,
                "mass": 1.0,
                "material": "Rubber",
                "physicsScale": [
                    1.0,
                    1.0,
                    1.0
                ]
            },
            "render": {
                "texture": ""
            },
            "shape": 1,
            "transform": {
                "position": [
                    1.9999327659606934,
                    0.9999998807907104,
                    2.9998385906219482
                ],
                "rotation": [
                    -1.0358834146018125e-07,
                    1.7645204741789655e-10,
                    3.6571269447449595e-05,
                    1.0
                ],
                "scale": [
                    1.0,
                    1.0,
                    1.0
                ]
            }
        },
        {
            "id": 8,
            "name": "",
            "physics": {
                "enabled": false,
                "physicsScale": [
                    1.0,
                    1.0,
                    1.0
                ]
            },
            "render": {
                "texture": "textures/wood1.jpg"
            },
            "shape": 0,
            "transform": {
                "position": [
                    0.0,
                    3.0,
                    0.0
                ],
                "rotation": [
                    0.0,
                    0.0,
                    0.0,
                    1.0
                ],
                "scale": [
                    1.0,
                    1.0,
                    1.0
                ]
            }
        },
        {
            "id": 9,
            "name": "",
            "physics": {
                "enabled": true,
                "mass": 1.0,
                "material": "Concrete",
                "physicsScale": [
                    1.0,
                    1.0,
                    1.0
                ]
            },
            "render": {
                "texture": "textures\\wood1.jpg"
            },
            "shape": 0,