{
    "objects": [
        {
            "id": 1,
            "name": "",
            "physics": {
                "enabled": true,
                "mass": 0.0,
                "material": "Default",
                "physicsScale": [
                    1.0,
                    1.0,
                    1.0
                ]
            },
            "render": {
                "texture": ""
            },
            "shape": 0,
            "transform": {
                "position": [
                    0.0,
                    -0.25,
                    0.0
                ],
                "rotation": [
                    0.0,
                    0.0,
                    0.0,
                    1.0
                ],
                "scale": [
                    100.0,
                    0.5,
                    100.0
                ]
            }
        },
        {
            "id": 2,
            "name": "",
            "physics": {
                "enabled": true,
                "mass": 1.0,
                "material": "Metal",
                "physicsScale": [
                    1.0,
                    1.0,
                    1.0
                ]
            },
            "render": {
                "texture": "textures/stone-1024.jpg"
            },
            "shape": 0,
            "transform": {
                "position": [
                    -0.003182461950927973,
                    0.49999669194221497,
                    0.052400752902030945
                ],
                "rotation": [
                    1.308446115899642e-07,
                    0.020317094400525093,
                    -5.616851012746338e-06,
                    0.9997935891151428
                ],
                "scale": [
                    1.0,
                    1.0,
                    1.0
                ]
            }
        },
        {
            "id": 3,
            "name": "",
            "physics": {
                "enabled": true,
                "mass": 1.0,
                "material": "Wood",
                "physicsScale": [
                    1.0,
                    1.0,
                    1.0
                ]
            },
            "render": {
                "texture": "textures/wood1.jpg"
            },
            "shape": 0,
            "transform": {
                "position": [
                    3.9923043251037598,
                    0.49999964237213135,
                    -5.941159248352051
                ],
                "rotation": [
                    3.1787603660404784e-08,
                    0.07346650213003159,
                    -5.509275524673285e-07,
                    0.9972977042198181
                ],
                "scale": [
                    1.0,
                    1.0,
                    1.0
                ]
            }
        },
        {
            "id": 4,
            "name": "",
            "physics": {
                "enabled": true,
                "mass": 1.0,
                "material": "Rubber",
                "physicsScale": [
                    1.0,
                    1.0,
                    1.0
                ]
            },
            "render": {
                "texture": ""
            },
            "shape": 0,
            "transform": {
                "position": [
                    -3.0641114711761475,
                    0.49999985098838806,
                    -5.014952659606934
                ],
                "rotation": [
                    1.101472513198587e-08,
                    0.012490985915064812,
                    2.432472001601127e-07,
                    0.999921977519989
                ],
                "scale": [
                    1.0,
                    1.0,
                    1.0
                ]
            }
        },
        {
            "id": 5,
            "name": "",
            "physics": {
                "enabled": true,
                "mass": 1.0,
                "material": "Ice",
                "physicsScale": [
                    1.0,
                    1.0,
                    1.0
                ]
            },
            "render": {
                "texture": "textures/texture_06.png"
            },
            "shape": 0,
            "transform": {
                "position": [
                    -6.0,
                    0.4999999403953552,
                    -10.0
                ],
                "rotation": [
                    -1.1318681103489325e-08,
                    7.232510595883541e-17,
                    -1.459038029283377e-10,
                    1.0
                ],
                "scale": [
                    1.0,
                    1.0,
                    1.0
                ]
            }
        },
        {
            "id": 6,
            "name": "",
            "physics": {
                "enabled": true,
                "mass": 1.0,
                "material": "Plastic",
                "physicsScale": [
                    1.0,
                    1.0,
                    1.0
                ]
            },
            "render": {
                "texture": ""
            },
            "shape": 0,
            "transform": {
                "position": [
                    4.985320091247559,
                    0.4999999403953552,
                    -6.933446407318115
                ],
                "rotation": [
                    1.3127083864361566e-09,
                    0.11033780127763748,
                    -1.4681025106710877e-07,
                    0.9938941597938538
                ],
                "scale": [
                    1.0,
                    1.0,
                    1.0
                ]
            }
        },
        {
            "id": 7,
            "name": "",
            "physics": {
                "enabled": true,
                "mass": 1.0,
                "material": "Rubber",
                "physicsScale": [
                    1.0,
                    1.0,
                    1.0
                ]
            },
            "render": {
                "texture": ""
            },
            "shape": 1,
            "transform": {
                "position": [
                    1.9999239444732666,
                    0.9999998807907104,
                    2.9998769760131836
                ],
                "rotation": [
                    -2.4955463686637813e-06,
                    6.399843155424634e-11,
                    3.935456697945483e-05,
                    1.0
                ],
                "scale": [
                    1.0,
                    1.0,
                    1.0
                ]
            }
        },
        {
            "id": 9,
            "name": "",
            "physics": {
                "enabled": true,
                "mass": 1.0,
                "material": "Concrete",
                "physicsScale": [
                    1.0,
                    1.0,
                    1.0
                ]
            },
            "render": {
                "texture": "textures\\wood1.jpg"
            },
            "shape": 0,
            "transform": {
                "position": [
                    -1.2674156427383423,
                    0.4999997019767761,
                    0.04349196329712868
                ],
                "rotation": [
                    0.027381978929042816,
                    0.027381954714655876,
                    0.7065759897232056,
                    0.7065768241882324
                ],
                "scale": [
                    1.0,
                    1.0,
                    1.0
                ]
            }
        },
        {
            "id": 10,
            "name": "",
            "physics": {
                "enabled": true,
                "mass": 1.0,
                "material": "Concrete",