{
    "objects": [
        {
            "id": 1,
            "name": "",
            "physics": {
                "enabled": true,
                "mass": 0.0,
                "material": "Default",
                "physicsScale": [
                    1.0,
                    1.0,
                    1.0
                ]
            },
            "render": {
                "texture": ""
            },
            "shape": 0,
            "transform": {
                "position": [
                    0.0,
                    -0.25,
                    0.0
                ],
                "rotation": [
                    0.0,
                    0.0,
                    0.0,
                    1.0
                ],
                "scale": [
                    100.0,
                    0.5,
                    100.0
                ]
            }
        },
        {
            "id": 2,
            "name": "",
            "physics": {
                "enabled": true,
                "mass": 1.0,
                "material": "Metal",
                "physicsScale": [
                    1.0,
                    1.0,
                    1.0
                ]
            },
            "render": {
                "texture": "textures/stone-1024.jpg"
            },
            "shape": 0,
            "transform": {
                "position": [
                    -0.020775042474269867,
                    0.4999968707561493,
                    0.050264209508895874
                ],
                "rotation": [
                    1.854600242268134e-07,
                    0.02168598212301731,
                    -5.381695245887386e-06,
                    0.9997648596763611
                ],
                "scale": [
                    1.0,
                    1.0,
                    1.0
                ]
            }
        },
        {
            "id": 3,
            "name": "",
            "physics": {
                "enabled": true,
                "mass": 1.0,
                "material": "Wood",
                "physicsScale": [
                    1.0,
                    1.0,
                    1.0
                ]
            },
            "render": {
                "texture": "textures/wood1.jpg"
            },
            "shape": 0,
            "transform": {
                "position": [
                    3.9923043251037598,
                    0.49999964237213135,
                    -5.941044807434082
                ],
                "rotation": [
                    3.0182434329617536e-08,
                    0.0734650194644928,
                    -5.494480888046382e-07,
                    0.9972978234291077
                ],
                "scale": [
                    1.0,
                    1.0,
                    1.0
                ]
            }
        },
        {
            "id": 4,
            "name": "",
            "physics": {
                "enabled": true,
                "mass": 1.0,
                "material": "Rubber",
                "physicsScale": [
                    1.0,
                    1.0,
                    1.0
                ]
            },
            "render": {
                "texture": ""
            },
            "shape": 0,
            "transform": {
                "position": [
                    -3.0641114711761475,
                    0.49999985098838806,
                    -5.015120506286621
                ],
                "rotation": [
                    1.2896963497155411e-08,
                    0.01249159686267376,
                    2.3840617302539613e-07,
                    0.999921977519989
                ],
                "scale": [
                    1.0,
                    1.0,
                    1.0
                ]
            }
        },
        {
            "id": 5,
            "name": "",
            "physics": {
                "enabled": true,
                "mass": 1.0,
                "material": "Ice",
                "physicsScale": [
                    1.0,
                    1.0,
                    1.0
                ]
            },
            "render": {
                "texture": "textures/texture_06.png"
            },
            "shape": 0,
            "transform": {
                "position": [
                    -6.0,
                    0.4999999403953552,
                    -10.0
                ],
                "rotation": [
                    -4.000038078544321e-09,
                    5.863591533068304e-17,
                    2.430754264537427e-09,
                    1.0
                ],
                "scale": [
                    1.0,
                    1.0,
                    1.0
                ]
            }
        },
        {
            "id": 6,
            "name": "",
            "physics": {
                "enabled": true,
                "mass": 1.0,
                "material": "Plastic",
                "physicsScale": [
                    1.0,
                    1.0,
                    1.0
                ]
            },
            "render": {
                "texture": ""
            },
            "shape": 0,
            "transform": {
                "position": [
                    4.985320091247559,
                    0.4999999403953552,
                    -6.933389186859131
                ],
                "rotation": [
                    -2.3952759775625054e-09,
                    0.11033780127763748,
                    -1.5355816174178472e-07,
                    0.9938941597938538
                ],
                "scale": [
                    1.0,
                    1.0,
                    1.0
                ]
            }
        },
        {
            "id": 7,
            "name": "",
            "physics": {
                "enabled": true,
                "mass": 1.0,
                "material": "Rubber",
                "physicsScale": [
                    1.0,
                    1.0,
                    1.0
                ]
            },
            "render": {
                "texture": ""
            },
            "shape": 1,
            "transform": {
                "position": [
                    1.9999772310256958,
                    0.9999998807907104,
                    2.9998879432678223
                ],
                "rotation": [
                    -1.644696908442711e-06,
                    7.524034173478356e-11,
                    1.3064588529232424e-05,
                    1.0
                ],
                "scale": [
                    1.0,
                    1.0,
                    1.0
                ]
            }
        },
        {
            "id": 9,
            "name": "",
            "physics": {
                "enabled": true,
                "mass": 1.0,
                "material": "Concrete",
                "physicsScale": [
                    1.0,
                    1.0,
                    1.0
                ]
            },
            "render": {
                "texture": "textures\\stone-1024.jpg"
            },
            "shape": 1,
            "transform": {
                "position": [
                    0.0008858219371177256,
                    1.9999933242797852,
                    -0.00015639774210285395
                ],
                "rotation": [
                    -0.00028725844458676875,
                    -2.3111019800126087e-06,
                    -0.00028991690487600863,
                    0.9999998807907104
                ],
                "scale": [
                    1.0,
                    1.0,
                    1.0
                ]
            }
        }
    ]
}